--------------------------------------------------------
--  File created - суббота-октября-20-2018   
--------------------------------------------------------
--------------------------------------------------------
--  DDL for Table CATEGORIES
--------------------------------------------------------

  CREATE TABLE "KUBITRE"."CATEGORIES" 
   (	"ID" NUMBER, 
	"CATEGORYNAME" VARCHAR2(32 BYTE)
   ) SEGMENT CREATION IMMEDIATE 
  PCTFREE 10 PCTUSED 40 INITRANS 1 MAXTRANS 255 
 NOCOMPRESS LOGGING
  STORAGE(INITIAL 65536 NEXT 1048576 MINEXTENTS 1 MAXEXTENTS 2147483645
  PCTINCREASE 0 FREELISTS 1 FREELIST GROUPS 1
  BUFFER_POOL DEFAULT FLASH_CACHE DEFAULT CELL_FLASH_CACHE DEFAULT)
  TABLESPACE "USERS" ;
--------------------------------------------------------
--  DDL for Table COOPERATORS
--------------------------------------------------------

  CREATE TABLE "KUBITRE"."COOPERATORS" 
   (	"ID" NUMBER, 
	"FIRSTNAME" VARCHAR2(25 BYTE), 
	"SECONNAME" VARCHAR2(25 BYTE), 
	"MIDDLENAME" VARCHAR2(25 BYTE), 
	"BIRTTHDAY" TIMESTAMP (6), 
	"IDSTREET" NUMBER, 
	"BUILDINGNUMBER" NUMBER, 
	"FLATNUMBER" NUMBER, 
	"SALARY" NUMBER, 
	"STATUS" VARCHAR2(20 BYTE), 
	"IDPOSITION" NUMBER, 
	"IDCATEGORY" NUMBER
   ) SEGMENT CREATION IMMEDIATE 
  PCTFREE 10 PCTUSED 40 INITRANS 1 MAXTRANS 255 
 NOCOMPRESS LOGGING
  STORAGE(INITIAL 65536 NEXT 1048576 MINEXTENTS 1 MAXEXTENTS 2147483645
  PCTINCREASE 0 FREELISTS 1 FREELIST GROUPS 1
  BUFFER_POOL DEFAULT FLASH_CACHE DEFAULT CELL_FLASH_CACHE DEFAULT)
  TABLESPACE "USERS" ;
--------------------------------------------------------
--  DDL for Table DISHES
--------------------------------------------------------

  CREATE TABLE "KUBITRE"."DISHES" 
   (	"ID" NUMBER, 
	"NAME" VARCHAR2(32 BYTE), 
	"IDCOOPERATOR" NUMBER, 
	"IDRECIPE" NUMBER, 
	"DATETIME" DATE
   ) SEGMENT CREATION IMMEDIATE 
  PCTFREE 10 PCTUSED 40 INITRANS 1 MAXTRANS 255 
 NOCOMPRESS LOGGING
  STORAGE(INITIAL 65536 NEXT 1048576 MINEXTENTS 1 MAXEXTENTS 2147483645
  PCTINCREASE 0 FREELISTS 1 FREELIST GROUPS 1
  BUFFER_POOL DEFAULT FLASH_CACHE DEFAULT CELL_FLASH_CACHE DEFAULT)
  TABLESPACE "USERS" ;
--------------------------------------------------------
--  DDL for Table MENU
--------------------------------------------------------

  CREATE TABLE "KUBITRE"."MENU" 
   (	"ID" NUMBER, 
	"IDCOOPERATOR" NUMBER, 
	"TIMEDATE" DATE, 
	"NAME" VARCHAR2(35 BYTE)
   ) SEGMENT CREATION IMMEDIATE 
  PCTFREE 10 PCTUSED 40 INITRANS 1 MAXTRANS 255 
 NOCOMPRESS LOGGING
  STORAGE(INITIAL 65536 NEXT 1048576 MINEXTENTS 1 MAXEXTENTS 2147483645
  PCTINCREASE 0 FREELISTS 1 FREELIST GROUPS 1
  BUFFER_POOL DEFAULT FLASH_CACHE DEFAULT CELL_FLASH_CACHE DEFAULT)
  TABLESPACE "USERS" ;
--------------------------------------------------------
--  DDL for Table MENUITEMS
--------------------------------------------------------

  CREATE TABLE "KUBITRE"."MENUITEMS" 
   (	"ID" NUMBER, 
	"IDMENU" NUMBER, 
	"IDDISH" NUMBER
   ) SEGMENT CREATION IMMEDIATE 
  PCTFREE 10 PCTUSED 40 INITRANS 1 MAXTRANS 255 
 NOCOMPRESS LOGGING
  STORAGE(INITIAL 65536 NEXT 1048576 MINEXTENTS 1 MAXEXTENTS 2147483645
  PCTINCREASE 0 FREELISTS 1 FREELIST GROUPS 1
  BUFFER_POOL DEFAULT FLASH_CACHE DEFAULT CELL_FLASH_CACHE DEFAULT)
  TABLESPACE "USERS" ;
--------------------------------------------------------
--  DDL for Table MOVINGINFORMATIONS
--------------------------------------------------------

  CREATE TABLE "KUBITRE"."MOVINGINFORMATIONS" 
   (	"ID" NUMBER, 
	"IDCOOPERATOR" NUMBER, 
	"IDPOSITION" NUMBER, 
	"REASONFORTRANSLATOPM" VARCHAR2(50 BYTE), 
	"ORDERNUMBER" NUMBER, 
	"TIME" DATE
   ) SEGMENT CREATION IMMEDIATE 
  PCTFREE 10 PCTUSED 40 INITRANS 1 MAXTRANS 255 
 NOCOMPRESS LOGGING
  STORAGE(INITIAL 65536 NEXT 1048576 MINEXTENTS 1 MAXEXTENTS 2147483645
  PCTINCREASE 0 FREELISTS 1 FREELIST GROUPS 1
  BUFFER_POOL DEFAULT FLASH_CACHE DEFAULT CELL_FLASH_CACHE DEFAULT)
  TABLESPACE "USERS" ;
--------------------------------------------------------
--  DDL for Table ORDERITEMS
--------------------------------------------------------

  CREATE TABLE "KUBITRE"."ORDERITEMS" 
   (	"ID" NUMBER, 
	"IDORDER" NUMBER, 
	"IDDISH" NUMBER, 
	"NOTE" VARCHAR2(50 BYTE)
   ) SEGMENT CREATION IMMEDIATE 
  PCTFREE 10 PCTUSED 40 INITRANS 1 MAXTRANS 255 
 NOCOMPRESS LOGGING
  STORAGE(INITIAL 65536 NEXT 1048576 MINEXTENTS 1 MAXEXTENTS 2147483645
  PCTINCREASE 0 FREELISTS 1 FREELIST GROUPS 1
  BUFFER_POOL DEFAULT FLASH_CACHE DEFAULT CELL_FLASH_CACHE DEFAULT)
  TABLESPACE "USERS" ;
--------------------------------------------------------
--  DDL for Table ORDERS
--------------------------------------------------------

  CREATE TABLE "KUBITRE"."ORDERS" 
   (	"ID" NUMBER, 
	"DATETIME" TIMESTAMP (6), 
	"IDCOOPERATOR" NUMBER
   ) SEGMENT CREATION IMMEDIATE 
  PCTFREE 10 PCTUSED 40 INITRANS 1 MAXTRANS 255 
 NOCOMPRESS LOGGING
  STORAGE(INITIAL 65536 NEXT 1048576 MINEXTENTS 1 MAXEXTENTS 2147483645
  PCTINCREASE 0 FREELISTS 1 FREELIST GROUPS 1
  BUFFER_POOL DEFAULT FLASH_CACHE DEFAULT CELL_FLASH_CACHE DEFAULT)
  TABLESPACE "USERS" ;
--------------------------------------------------------
--  DDL for Table POSITIONS
--------------------------------------------------------

  CREATE TABLE "KUBITRE"."POSITIONS" 
   (	"ID" NUMBER, 
	"NAME" VARCHAR2(32 BYTE)
   ) SEGMENT CREATION IMMEDIATE 
  PCTFREE 10 PCTUSED 40 INITRANS 1 MAXTRANS 255 
 NOCOMPRESS LOGGING
  STORAGE(INITIAL 65536 NEXT 1048576 MINEXTENTS 1 MAXEXTENTS 2147483645
  PCTINCREASE 0 FREELISTS 1 FREELIST GROUPS 1
  BUFFER_POOL DEFAULT FLASH_CACHE DEFAULT CELL_FLASH_CACHE DEFAULT)
  TABLESPACE "USERS" ;
--------------------------------------------------------
--  DDL for Table PRODUCTS
--------------------------------------------------------

  CREATE TABLE "KUBITRE"."PRODUCTS" 
   (	"ID" NUMBER, 
	"NAME" VARCHAR2(32 BYTE), 
	"PRICE" NUMBER
   ) SEGMENT CREATION IMMEDIATE 
  PCTFREE 10 PCTUSED 40 INITRANS 1 MAXTRANS 255 
 NOCOMPRESS LOGGING
  STORAGE(INITIAL 65536 NEXT 1048576 MINEXTENTS 1 MAXEXTENTS 2147483645
  PCTINCREASE 0 FREELISTS 1 FREELIST GROUPS 1
  BUFFER_POOL DEFAULT FLASH_CACHE DEFAULT CELL_FLASH_CACHE DEFAULT)
  TABLESPACE "USERS" ;
--------------------------------------------------------
--  DDL for Table RECIPE
--------------------------------------------------------

  CREATE TABLE "KUBITRE"."RECIPE" 
   (	"ID" NUMBER, 
	"NAME" VARCHAR2(50 BYTE)
   ) SEGMENT CREATION IMMEDIATE 
  PCTFREE 10 PCTUSED 40 INITRANS 1 MAXTRANS 255 
 NOCOMPRESS LOGGING
  STORAGE(INITIAL 65536 NEXT 1048576 MINEXTENTS 1 MAXEXTENTS 2147483645
  PCTINCREASE 0 FREELISTS 1 FREELIST GROUPS 1
  BUFFER_POOL DEFAULT FLASH_CACHE DEFAULT CELL_FLASH_CACHE DEFAULT)
  TABLESPACE "USERS" ;
--------------------------------------------------------
--  DDL for Table RECIPEITEMS
--------------------------------------------------------

  CREATE TABLE "KUBITRE"."RECIPEITEMS" 
   (	"ID" NUMBER, 
	"IDPRODUCT" NUMBER, 
	"COUNTINDISH" NUMBER DEFAULT 1, 
	"IDRECIPE" NUMBER
   ) SEGMENT CREATION IMMEDIATE 
  PCTFREE 10 PCTUSED 40 INITRANS 1 MAXTRANS 255 
 NOCOMPRESS LOGGING
  STORAGE(INITIAL 65536 NEXT 1048576 MINEXTENTS 1 MAXEXTENTS 2147483645
  PCTINCREASE 0 FREELISTS 1 FREELIST GROUPS 1
  BUFFER_POOL DEFAULT FLASH_CACHE DEFAULT CELL_FLASH_CACHE DEFAULT)
  TABLESPACE "USERS" ;
--------------------------------------------------------
--  DDL for Table STREETS
--------------------------------------------------------

  CREATE TABLE "KUBITRE"."STREETS" 
   (	"ID" NUMBER, 
	"NAME" VARCHAR2(32 BYTE)
   ) SEGMENT CREATION IMMEDIATE 
  PCTFREE 10 PCTUSED 40 INITRANS 1 MAXTRANS 255 
 NOCOMPRESS LOGGING
  STORAGE(INITIAL 65536 NEXT 1048576 MINEXTENTS 1 MAXEXTENTS 2147483645
  PCTINCREASE 0 FREELISTS 1 FREELIST GROUPS 1
  BUFFER_POOL DEFAULT FLASH_CACHE DEFAULT CELL_FLASH_CACHE DEFAULT)
  TABLESPACE "USERS" ;
REM INSERTING into KUBITRE.CATEGORIES
SET DEFINE OFF;
Insert into KUBITRE.CATEGORIES (ID,CATEGORYNAME) values ('1','Су-шеф');
Insert into KUBITRE.CATEGORIES (ID,CATEGORYNAME) values ('2','Шеф');
Insert into KUBITRE.CATEGORIES (ID,CATEGORYNAME) values ('3','Кондитер');
REM INSERTING into KUBITRE.COOPERATORS
SET DEFINE OFF;
Insert into KUBITRE.COOPERATORS (ID,FIRSTNAME,SECONNAME,MIDDLENAME,BIRTTHDAY,IDSTREET,BUILDINGNUMBER,FLATNUMBER,SALARY,STATUS,IDPOSITION,IDCATEGORY) values ('4','Ковалёва','Валентина',null,to_timestamp('12.03.98 20:15:49,991299000','DD.MM.RR HH24:MI:SSXFF'),'3','2','2','900','собес.','7','1');
Insert into KUBITRE.COOPERATORS (ID,FIRSTNAME,SECONNAME,MIDDLENAME,BIRTTHDAY,IDSTREET,BUILDINGNUMBER,FLATNUMBER,SALARY,STATUS,IDPOSITION,IDCATEGORY) values ('5','Тест','Тест',null,to_timestamp('17.10.18 17:11:14,174510000','DD.MM.RR HH24:MI:SSXFF'),'5','2','2','1231','уволен','6',null);
Insert into KUBITRE.COOPERATORS (ID,FIRSTNAME,SECONNAME,MIDDLENAME,BIRTTHDAY,IDSTREET,BUILDINGNUMBER,FLATNUMBER,SALARY,STATUS,IDPOSITION,IDCATEGORY) values ('1','Аносов','Константин','Геннадьевич',to_timestamp('17.07.98 14:08:57,328976000','DD.MM.RR HH24:MI:SSXFF'),'10','9','55','1700','работает','7','2');
Insert into KUBITRE.COOPERATORS (ID,FIRSTNAME,SECONNAME,MIDDLENAME,BIRTTHDAY,IDSTREET,BUILDINGNUMBER,FLATNUMBER,SALARY,STATUS,IDPOSITION,IDCATEGORY) values ('2','Кислов','Сергей',null,to_timestamp('18.06.98 14:10:19,664610000','DD.MM.RR HH24:MI:SSXFF'),'7','2',null,'1400','работает','5',null);
Insert into KUBITRE.COOPERATORS (ID,FIRSTNAME,SECONNAME,MIDDLENAME,BIRTTHDAY,IDSTREET,BUILDINGNUMBER,FLATNUMBER,SALARY,STATUS,IDPOSITION,IDCATEGORY) values ('3','Воливач','Константин','Денисович',to_timestamp('07.05.18 14:11:34,509023000','DD.MM.RR HH24:MI:SSXFF'),'5','2','42','827','работает','6',null);
REM INSERTING into KUBITRE.DISHES
SET DEFINE OFF;
Insert into KUBITRE.DISHES (ID,NAME,IDCOOPERATOR,IDRECIPE,DATETIME) values ('3','Салат Какой-то','2','3',to_date('15.10.18','DD.MM.RR'));
Insert into KUBITRE.DISHES (ID,NAME,IDCOOPERATOR,IDRECIPE,DATETIME) values ('1','Суп Харчо','1','1',to_date('13.10.18','DD.MM.RR'));
Insert into KUBITRE.DISHES (ID,NAME,IDCOOPERATOR,IDRECIPE,DATETIME) values ('2','Суп Вермишелевый','1','2',to_date('13.10.18','DD.MM.RR'));
REM INSERTING into KUBITRE.MENU
SET DEFINE OFF;
Insert into KUBITRE.MENU (ID,IDCOOPERATOR,TIMEDATE,NAME) values ('2','1',to_date('13.10.18','DD.MM.RR'),'Супы');
Insert into KUBITRE.MENU (ID,IDCOOPERATOR,TIMEDATE,NAME) values ('3','2',to_date('22.10.18','DD.MM.RR'),'Салаты');
REM INSERTING into KUBITRE.MENUITEMS
SET DEFINE OFF;
Insert into KUBITRE.MENUITEMS (ID,IDMENU,IDDISH) values ('1','2','1');
Insert into KUBITRE.MENUITEMS (ID,IDMENU,IDDISH) values ('2','2','2');
Insert into KUBITRE.MENUITEMS (ID,IDMENU,IDDISH) values ('3','3','2');
REM INSERTING into KUBITRE.MOVINGINFORMATIONS
SET DEFINE OFF;
Insert into KUBITRE.MOVINGINFORMATIONS (ID,IDCOOPERATOR,IDPOSITION,REASONFORTRANSLATOPM,ORDERNUMBER,TIME) values ('1','1','6','повышение','1',to_date('13.10.18','DD.MM.RR'));
Insert into KUBITRE.MOVINGINFORMATIONS (ID,IDCOOPERATOR,IDPOSITION,REASONFORTRANSLATOPM,ORDERNUMBER,TIME) values ('2','2','5','понижение','2',to_date('15.10.18','DD.MM.RR'));
Insert into KUBITRE.MOVINGINFORMATIONS (ID,IDCOOPERATOR,IDPOSITION,REASONFORTRANSLATOPM,ORDERNUMBER,TIME) values ('3','5','6','уволен','3',to_date('13.10.12','DD.MM.RR'));
REM INSERTING into KUBITRE.ORDERITEMS
SET DEFINE OFF;
Insert into KUBITRE.ORDERITEMS (ID,IDORDER,IDDISH,NOTE) values ('1','1','1','без соли');
Insert into KUBITRE.ORDERITEMS (ID,IDORDER,IDDISH,NOTE) values ('2','1','2','с перцем');
Insert into KUBITRE.ORDERITEMS (ID,IDORDER,IDDISH,NOTE) values ('3','2','1',null);
REM INSERTING into KUBITRE.ORDERS
SET DEFINE OFF;
Insert into KUBITRE.ORDERS (ID,DATETIME,IDCOOPERATOR) values ('1',to_timestamp('13.10.18 15:08:31,705897000','DD.MM.RR HH24:MI:SSXFF'),'2');
Insert into KUBITRE.ORDERS (ID,DATETIME,IDCOOPERATOR) values ('2',to_timestamp('13.10.18 16:08:46,225376000','DD.MM.RR HH24:MI:SSXFF'),'2');
REM INSERTING into KUBITRE.POSITIONS
SET DEFINE OFF;
Insert into KUBITRE.POSITIONS (ID,NAME) values ('4','Посудомойщик');
Insert into KUBITRE.POSITIONS (ID,NAME) values ('5','Бармен');
Insert into KUBITRE.POSITIONS (ID,NAME) values ('6','Администратор');
Insert into KUBITRE.POSITIONS (ID,NAME) values ('7','Повар');
REM INSERTING into KUBITRE.PRODUCTS
SET DEFINE OFF;
Insert into KUBITRE.PRODUCTS (ID,NAME,PRICE) values ('1','Курица','150');
Insert into KUBITRE.PRODUCTS (ID,NAME,PRICE) values ('2','Рис','30');
Insert into KUBITRE.PRODUCTS (ID,NAME,PRICE) values ('3','Чеснок','5');
Insert into KUBITRE.PRODUCTS (ID,NAME,PRICE) values ('4','Масло','70');
Insert into KUBITRE.PRODUCTS (ID,NAME,PRICE) values ('5','Лук репчт.','40');
Insert into KUBITRE.PRODUCTS (ID,NAME,PRICE) values ('6','Морковь','15');
Insert into KUBITRE.PRODUCTS (ID,NAME,PRICE) values ('7','Картофель','20');
Insert into KUBITRE.PRODUCTS (ID,NAME,PRICE) values ('8','Томат. паста','50');
Insert into KUBITRE.PRODUCTS (ID,NAME,PRICE) values ('9','Зелень','15');
Insert into KUBITRE.PRODUCTS (ID,NAME,PRICE) values ('10','Соль','10');
REM INSERTING into KUBITRE.RECIPE
SET DEFINE OFF;
Insert into KUBITRE.RECIPE (ID,NAME) values ('1','Суп Харчо');
Insert into KUBITRE.RECIPE (ID,NAME) values ('2','Суп Грибной');
Insert into KUBITRE.RECIPE (ID,NAME) values ('3','Суп Гурме');
REM INSERTING into KUBITRE.RECIPEITEMS
SET DEFINE OFF;
Insert into KUBITRE.RECIPEITEMS (ID,IDPRODUCT,COUNTINDISH,IDRECIPE) values ('1','1','1','1');
Insert into KUBITRE.RECIPEITEMS (ID,IDPRODUCT,COUNTINDISH,IDRECIPE) values ('2','2','1','1');
Insert into KUBITRE.RECIPEITEMS (ID,IDPRODUCT,COUNTINDISH,IDRECIPE) values ('3','3','2','1');
Insert into KUBITRE.RECIPEITEMS (ID,IDPRODUCT,COUNTINDISH,IDRECIPE) values ('4','4','1','2');
Insert into KUBITRE.RECIPEITEMS (ID,IDPRODUCT,COUNTINDISH,IDRECIPE) values ('5','1','2','2');
Insert into KUBITRE.RECIPEITEMS (ID,IDPRODUCT,COUNTINDISH,IDRECIPE) values ('6','2','5','2');
Insert into KUBITRE.RECIPEITEMS (ID,IDPRODUCT,COUNTINDISH,IDRECIPE) values ('7','2','4','3');
Insert into KUBITRE.RECIPEITEMS (ID,IDPRODUCT,COUNTINDISH,IDRECIPE) values ('8','3','1','3');
Insert into KUBITRE.RECIPEITEMS (ID,IDPRODUCT,COUNTINDISH,IDRECIPE) values ('9','7','2','3');
REM INSERTING into KUBITRE.STREETS
SET DEFINE OFF;
Insert into KUBITRE.STREETS (ID,NAME) values ('1','Карла Маркса 20');
Insert into KUBITRE.STREETS (ID,NAME) values ('2','Баластная');
Insert into KUBITRE.STREETS (ID,NAME) values ('3','Гайдара');
Insert into KUBITRE.STREETS (ID,NAME) values ('4','Пушкина');
Insert into KUBITRE.STREETS (ID,NAME) values ('5','Заельцовская');
Insert into KUBITRE.STREETS (ID,NAME) values ('6','Ельцовская');
Insert into KUBITRE.STREETS (ID,NAME) values ('7','Депутатская');
Insert into KUBITRE.STREETS (ID,NAME) values ('8','Лыщинская');
Insert into KUBITRE.STREETS (ID,NAME) values ('9','Калинина');
Insert into KUBITRE.STREETS (ID,NAME) values ('10','Романтиков');
Insert into KUBITRE.STREETS (ID,NAME) values ('11','Станционная');
Insert into KUBITRE.STREETS (ID,NAME) values ('12','Станиславского');
--------------------------------------------------------
--  DDL for Index CATEGORIES_PK
--------------------------------------------------------

  CREATE UNIQUE INDEX "KUBITRE"."CATEGORIES_PK" ON "KUBITRE"."CATEGORIES" ("ID") 
  PCTFREE 10 INITRANS 2 MAXTRANS 255 COMPUTE STATISTICS 
  STORAGE(INITIAL 65536 NEXT 1048576 MINEXTENTS 1 MAXEXTENTS 2147483645
  PCTINCREASE 0 FREELISTS 1 FREELIST GROUPS 1
  BUFFER_POOL DEFAULT FLASH_CACHE DEFAULT CELL_FLASH_CACHE DEFAULT)
  TABLESPACE "USERS" ;
--------------------------------------------------------
--  DDL for Index COOPERATORS_PK
--------------------------------------------------------

  CREATE UNIQUE INDEX "KUBITRE"."COOPERATORS_PK" ON "KUBITRE"."COOPERATORS" ("ID") 
  PCTFREE 10 INITRANS 2 MAXTRANS 255 COMPUTE STATISTICS 
  STORAGE(INITIAL 65536 NEXT 1048576 MINEXTENTS 1 MAXEXTENTS 2147483645
  PCTINCREASE 0 FREELISTS 1 FREELIST GROUPS 1
  BUFFER_POOL DEFAULT FLASH_CACHE DEFAULT CELL_FLASH_CACHE DEFAULT)
  TABLESPACE "USERS" ;
--------------------------------------------------------
--  DDL for Index DISHES_PK
--------------------------------------------------------

  CREATE UNIQUE INDEX "KUBITRE"."DISHES_PK" ON "KUBITRE"."DISHES" ("ID") 
  PCTFREE 10 INITRANS 2 MAXTRANS 255 COMPUTE STATISTICS 
  STORAGE(INITIAL 65536 NEXT 1048576 MINEXTENTS 1 MAXEXTENTS 2147483645
  PCTINCREASE 0 FREELISTS 1 FREELIST GROUPS 1
  BUFFER_POOL DEFAULT FLASH_CACHE DEFAULT CELL_FLASH_CACHE DEFAULT)
  TABLESPACE "USERS" ;
--------------------------------------------------------
--  DDL for Index MENU_PK
--------------------------------------------------------

  CREATE UNIQUE INDEX "KUBITRE"."MENU_PK" ON "KUBITRE"."MENU" ("ID") 
  PCTFREE 10 INITRANS 2 MAXTRANS 255 COMPUTE STATISTICS 
  STORAGE(INITIAL 65536 NEXT 1048576 MINEXTENTS 1 MAXEXTENTS 2147483645
  PCTINCREASE 0 FREELISTS 1 FREELIST GROUPS 1
  BUFFER_POOL DEFAULT FLASH_CACHE DEFAULT CELL_FLASH_CACHE DEFAULT)
  TABLESPACE "USERS" ;
--------------------------------------------------------
--  DDL for Index MENUITEMS_PK
--------------------------------------------------------

  CREATE UNIQUE INDEX "KUBITRE"."MENUITEMS_PK" ON "KUBITRE"."MENUITEMS" ("ID") 
  PCTFREE 10 INITRANS 2 MAXTRANS 255 COMPUTE STATISTICS 
  STORAGE(INITIAL 65536 NEXT 1048576 MINEXTENTS 1 MAXEXTENTS 2147483645
  PCTINCREASE 0 FREELISTS 1 FREELIST GROUPS 1
  BUFFER_POOL DEFAULT FLASH_CACHE DEFAULT CELL_FLASH_CACHE DEFAULT)
  TABLESPACE "USERS" ;
--------------------------------------------------------
--  DDL for Index MOVINGINFORMATIONS_PK
--------------------------------------------------------

  CREATE UNIQUE INDEX "KUBITRE"."MOVINGINFORMATIONS_PK" ON "KUBITRE"."MOVINGINFORMATIONS" ("ID") 
  PCTFREE 10 INITRANS 2 MAXTRANS 255 COMPUTE STATISTICS 
  STORAGE(INITIAL 65536 NEXT 1048576 MINEXTENTS 1 MAXEXTENTS 2147483645
  PCTINCREASE 0 FREELISTS 1 FREELIST GROUPS 1
  BUFFER_POOL DEFAULT FLASH_CACHE DEFAULT CELL_FLASH_CACHE DEFAULT)
  TABLESPACE "USERS" ;
--------------------------------------------------------
--  DDL for Index ORDERITEMS_PK
--------------------------------------------------------

  CREATE UNIQUE INDEX "KUBITRE"."ORDERITEMS_PK" ON "KUBITRE"."ORDERITEMS" ("ID") 
  PCTFREE 10 INITRANS 2 MAXTRANS 255 COMPUTE STATISTICS 
  STORAGE(INITIAL 65536 NEXT 1048576 MINEXTENTS 1 MAXEXTENTS 2147483645
  PCTINCREASE 0 FREELISTS 1 FREELIST GROUPS 1
  BUFFER_POOL DEFAULT FLASH_CACHE DEFAULT CELL_FLASH_CACHE DEFAULT)
  TABLESPACE "USERS" ;
--------------------------------------------------------
--  DDL for Index ORDERS_PK
--------------------------------------------------------

  CREATE UNIQUE INDEX "KUBITRE"."ORDERS_PK" ON "KUBITRE"."ORDERS" ("ID") 
  PCTFREE 10 INITRANS 2 MAXTRANS 255 COMPUTE STATISTICS 
  STORAGE(INITIAL 65536 NEXT 1048576 MINEXTENTS 1 MAXEXTENTS 2147483645
  PCTINCREASE 0 FREELISTS 1 FREELIST GROUPS 1
  BUFFER_POOL DEFAULT FLASH_CACHE DEFAULT CELL_FLASH_CACHE DEFAULT)
  TABLESPACE "USERS" ;
--------------------------------------------------------
--  DDL for Index POSITIONS_PK
--------------------------------------------------------

  CREATE UNIQUE INDEX "KUBITRE"."POSITIONS_PK" ON "KUBITRE"."POSITIONS" ("ID") 
  PCTFREE 10 INITRANS 2 MAXTRANS 255 COMPUTE STATISTICS 
  STORAGE(INITIAL 65536 NEXT 1048576 MINEXTENTS 1 MAXEXTENTS 2147483645
  PCTINCREASE 0 FREELISTS 1 FREELIST GROUPS 1
  BUFFER_POOL DEFAULT FLASH_CACHE DEFAULT CELL_FLASH_CACHE DEFAULT)
  TABLESPACE "USERS" ;
--------------------------------------------------------
--  DDL for Index PRODUCTS_PK
--------------------------------------------------------

  CREATE UNIQUE INDEX "KUBITRE"."PRODUCTS_PK" ON "KUBITRE"."PRODUCTS" ("ID") 
  PCTFREE 10 INITRANS 2 MAXTRANS 255 COMPUTE STATISTICS 
  STORAGE(INITIAL 65536 NEXT 1048576 MINEXTENTS 1 MAXEXTENTS 2147483645
  PCTINCREASE 0 FREELISTS 1 FREELIST GROUPS 1
  BUFFER_POOL DEFAULT FLASH_CACHE DEFAULT CELL_FLASH_CACHE DEFAULT)
  TABLESPACE "USERS" ;
--------------------------------------------------------
--  DDL for Index RECIPE_PK
--------------------------------------------------------

  CREATE UNIQUE INDEX "KUBITRE"."RECIPE_PK" ON "KUBITRE"."RECIPE" ("ID") 
  PCTFREE 10 INITRANS 2 MAXTRANS 255 COMPUTE STATISTICS 
  STORAGE(INITIAL 65536 NEXT 1048576 MINEXTENTS 1 MAXEXTENTS 2147483645
  PCTINCREASE 0 FREELISTS 1 FREELIST GROUPS 1
  BUFFER_POOL DEFAULT FLASH_CACHE DEFAULT CELL_FLASH_CACHE DEFAULT)
  TABLESPACE "USERS" ;
--------------------------------------------------------
--  DDL for Index RECIPEITEMS_PK
--------------------------------------------------------

  CREATE UNIQUE INDEX "KUBITRE"."RECIPEITEMS_PK" ON "KUBITRE"."RECIPEITEMS" ("ID") 
  PCTFREE 10 INITRANS 2 MAXTRANS 255 COMPUTE STATISTICS 
  STORAGE(INITIAL 65536 NEXT 1048576 MINEXTENTS 1 MAXEXTENTS 2147483645
  PCTINCREASE 0 FREELISTS 1 FREELIST GROUPS 1
  BUFFER_POOL DEFAULT FLASH_CACHE DEFAULT CELL_FLASH_CACHE DEFAULT)
  TABLESPACE "USERS" ;
--------------------------------------------------------
--  DDL for Index STREETS_PK
--------------------------------------------------------

  CREATE UNIQUE INDEX "KUBITRE"."STREETS_PK" ON "KUBITRE"."STREETS" ("ID") 
  PCTFREE 10 INITRANS 2 MAXTRANS 255 COMPUTE STATISTICS 
  STORAGE(INITIAL 65536 NEXT 1048576 MINEXTENTS 1 MAXEXTENTS 2147483645
  PCTINCREASE 0 FREELISTS 1 FREELIST GROUPS 1
  BUFFER_POOL DEFAULT FLASH_CACHE DEFAULT CELL_FLASH_CACHE DEFAULT)
  TABLESPACE "USERS" ;
--------------------------------------------------------
--  DDL for Trigger CATEGORIES_TRG
--------------------------------------------------------

  CREATE OR REPLACE NONEDITIONABLE TRIGGER "KUBITRE"."CATEGORIES_TRG" 
BEFORE INSERT ON CATEGORIES 
FOR EACH ROW 
BEGIN
  <<COLUMN_SEQUENCES>>
  BEGIN
    NULL;
  END COLUMN_SEQUENCES;
END;
/
ALTER TRIGGER "KUBITRE"."CATEGORIES_TRG" ENABLE;
--------------------------------------------------------
--  DDL for Trigger CATEGORIES_TRG1
--------------------------------------------------------

  CREATE OR REPLACE NONEDITIONABLE TRIGGER "KUBITRE"."CATEGORIES_TRG1" 
BEFORE INSERT ON CATEGORIES 
FOR EACH ROW 
BEGIN
  <<COLUMN_SEQUENCES>>
  BEGIN
    IF INSERTING AND :NEW.ID IS NULL THEN
      SELECT CATEGORIES_SEQ.NEXTVAL INTO :NEW.ID FROM SYS.DUAL;
    END IF;
  END COLUMN_SEQUENCES;
END;
/
ALTER TRIGGER "KUBITRE"."CATEGORIES_TRG1" ENABLE;
--------------------------------------------------------
--  DDL for Trigger COOPERATORS_TRG1
--------------------------------------------------------

  CREATE OR REPLACE NONEDITIONABLE TRIGGER "KUBITRE"."COOPERATORS_TRG1" 
BEFORE INSERT ON COOPERATORS 
FOR EACH ROW 
BEGIN
  <<COLUMN_SEQUENCES>>
  BEGIN
    NULL;
  END COLUMN_SEQUENCES;
END;
/
ALTER TRIGGER "KUBITRE"."COOPERATORS_TRG1" ENABLE;
--------------------------------------------------------
--  DDL for Trigger COOPERATORS_TRG
--------------------------------------------------------

  CREATE OR REPLACE NONEDITIONABLE TRIGGER "KUBITRE"."COOPERATORS_TRG" 
BEFORE INSERT ON COOPERATORS 
FOR EACH ROW 
BEGIN
  <<COLUMN_SEQUENCES>>
  BEGIN
    NULL;
  END COLUMN_SEQUENCES;
END;
/
ALTER TRIGGER "KUBITRE"."COOPERATORS_TRG" ENABLE;
--------------------------------------------------------
--  DDL for Trigger DISHES_TRG1
--------------------------------------------------------

  CREATE OR REPLACE NONEDITIONABLE TRIGGER "KUBITRE"."DISHES_TRG1" 
BEFORE INSERT ON DISHES 
FOR EACH ROW 
BEGIN
  <<COLUMN_SEQUENCES>>
  BEGIN
    NULL;
  END COLUMN_SEQUENCES;
END;
/
ALTER TRIGGER "KUBITRE"."DISHES_TRG1" ENABLE;
--------------------------------------------------------
--  DDL for Trigger DISHES_TRG
--------------------------------------------------------

  CREATE OR REPLACE NONEDITIONABLE TRIGGER "KUBITRE"."DISHES_TRG" 
BEFORE INSERT ON DISHES 
FOR EACH ROW 
BEGIN
  <<COLUMN_SEQUENCES>>
  BEGIN
    NULL;
  END COLUMN_SEQUENCES;
END;
/
ALTER TRIGGER "KUBITRE"."DISHES_TRG" ENABLE;
--------------------------------------------------------
--  DDL for Trigger MENU_TRG
--------------------------------------------------------

  CREATE OR REPLACE NONEDITIONABLE TRIGGER "KUBITRE"."MENU_TRG" 
BEFORE INSERT ON MENU 
FOR EACH ROW 
BEGIN
  <<COLUMN_SEQUENCES>>
  BEGIN
    NULL;
  END COLUMN_SEQUENCES;
END;
/
ALTER TRIGGER "KUBITRE"."MENU_TRG" ENABLE;
--------------------------------------------------------
--  DDL for Trigger MENU_TRG1
--------------------------------------------------------

  CREATE OR REPLACE NONEDITIONABLE TRIGGER "KUBITRE"."MENU_TRG1" 
BEFORE INSERT ON MENU 
FOR EACH ROW 
BEGIN
  <<COLUMN_SEQUENCES>>
  BEGIN
    IF INSERTING AND :NEW.ID IS NULL THEN
      SELECT MENU_SEQ.NEXTVAL INTO :NEW.ID FROM SYS.DUAL;
    END IF;
  END COLUMN_SEQUENCES;
END;
/
ALTER TRIGGER "KUBITRE"."MENU_TRG1" ENABLE;
--------------------------------------------------------
--  DDL for Trigger MENUITEMS_TRG
--------------------------------------------------------

  CREATE OR REPLACE NONEDITIONABLE TRIGGER "KUBITRE"."MENUITEMS_TRG" 
BEFORE INSERT ON MENUITEMS 
FOR EACH ROW 
BEGIN
  <<COLUMN_SEQUENCES>>
  BEGIN
    IF INSERTING AND :NEW.ID IS NULL THEN
      SELECT MENUITEMS_SEQ.NEXTVAL INTO :NEW.ID FROM SYS.DUAL;
    END IF;
  END COLUMN_SEQUENCES;
END;
/
ALTER TRIGGER "KUBITRE"."MENUITEMS_TRG" ENABLE;
--------------------------------------------------------
--  DDL for Trigger MOVINGINFORMATIONS_TRG
--------------------------------------------------------

  CREATE OR REPLACE NONEDITIONABLE TRIGGER "KUBITRE"."MOVINGINFORMATIONS_TRG" 
BEFORE INSERT ON MOVINGINFORMATIONS 
FOR EACH ROW 
BEGIN
  <<COLUMN_SEQUENCES>>
  BEGIN
    NULL;
  END COLUMN_SEQUENCES;
END;
/
ALTER TRIGGER "KUBITRE"."MOVINGINFORMATIONS_TRG" ENABLE;
--------------------------------------------------------
--  DDL for Trigger MOVINGINFORMATIONS_TRG1
--------------------------------------------------------

  CREATE OR REPLACE NONEDITIONABLE TRIGGER "KUBITRE"."MOVINGINFORMATIONS_TRG1" 
BEFORE INSERT ON MOVINGINFORMATIONS 
FOR EACH ROW 
BEGIN
  <<COLUMN_SEQUENCES>>
  BEGIN
    IF INSERTING AND :NEW.ID IS NULL THEN
      SELECT MOVINGINFORMATIONS_SEQ.NEXTVAL INTO :NEW.ID FROM SYS.DUAL;
    END IF;
  END COLUMN_SEQUENCES;
END;
/
ALTER TRIGGER "KUBITRE"."MOVINGINFORMATIONS_TRG1" ENABLE;
--------------------------------------------------------
--  DDL for Trigger ORDERITEMS_TRG
--------------------------------------------------------

  CREATE OR REPLACE NONEDITIONABLE TRIGGER "KUBITRE"."ORDERITEMS_TRG" 
BEFORE INSERT ON ORDERITEMS 
FOR EACH ROW 
BEGIN
  <<COLUMN_SEQUENCES>>
  BEGIN
    NULL;
  END COLUMN_SEQUENCES;
END;
/
ALTER TRIGGER "KUBITRE"."ORDERITEMS_TRG" ENABLE;
--------------------------------------------------------
--  DDL for Trigger ORDERITEMS_TRG1
--------------------------------------------------------

  CREATE OR REPLACE NONEDITIONABLE TRIGGER "KUBITRE"."ORDERITEMS_TRG1" 
BEFORE INSERT ON ORDERITEMS 
FOR EACH ROW 
BEGIN
  <<COLUMN_SEQUENCES>>
  BEGIN
    IF INSERTING AND :NEW.ID IS NULL THEN
      SELECT ORDERITEMS_SEQ.NEXTVAL INTO :NEW.ID FROM SYS.DUAL;
    END IF;
  END COLUMN_SEQUENCES;
END;
/
ALTER TRIGGER "KUBITRE"."ORDERITEMS_TRG1" ENABLE;
--------------------------------------------------------
--  DDL for Trigger ORDERS_TRG
--------------------------------------------------------

  CREATE OR REPLACE NONEDITIONABLE TRIGGER "KUBITRE"."ORDERS_TRG" 
BEFORE INSERT ON ORDERS 
FOR EACH ROW 
BEGIN
  <<COLUMN_SEQUENCES>>
  BEGIN
    NULL;
  END COLUMN_SEQUENCES;
END;
/
ALTER TRIGGER "KUBITRE"."ORDERS_TRG" ENABLE;
--------------------------------------------------------
--  DDL for Trigger ORDERS_TRG1
--------------------------------------------------------

  CREATE OR REPLACE NONEDITIONABLE TRIGGER "KUBITRE"."ORDERS_TRG1" 
BEFORE INSERT ON ORDERS 
FOR EACH ROW 
BEGIN
  <<COLUMN_SEQUENCES>>
  BEGIN
    IF INSERTING AND :NEW.ID IS NULL THEN
      SELECT ORDERS_SEQ.NEXTVAL INTO :NEW.ID FROM SYS.DUAL;
    END IF;
  END COLUMN_SEQUENCES;
END;
/
ALTER TRIGGER "KUBITRE"."ORDERS_TRG1" ENABLE;
--------------------------------------------------------
--  DDL for Trigger POSITIONS_TRG
--------------------------------------------------------

  CREATE OR REPLACE NONEDITIONABLE TRIGGER "KUBITRE"."POSITIONS_TRG" 
BEFORE INSERT ON POSITIONS 
FOR EACH ROW 
BEGIN
  <<COLUMN_SEQUENCES>>
  BEGIN
    NULL;
  END COLUMN_SEQUENCES;
END;
/
ALTER TRIGGER "KUBITRE"."POSITIONS_TRG" ENABLE;
--------------------------------------------------------
--  DDL for Trigger POSITIONS_TRG1
--------------------------------------------------------

  CREATE OR REPLACE NONEDITIONABLE TRIGGER "KUBITRE"."POSITIONS_TRG1" 
BEFORE INSERT ON POSITIONS 
FOR EACH ROW 
BEGIN
  <<COLUMN_SEQUENCES>>
  BEGIN
    IF INSERTING AND :NEW.ID IS NULL THEN
      SELECT POSITIONS_SEQ.NEXTVAL INTO :NEW.ID FROM SYS.DUAL;
    END IF;
  END COLUMN_SEQUENCES;
END;
/
ALTER TRIGGER "KUBITRE"."POSITIONS_TRG1" ENABLE;
--------------------------------------------------------
--  DDL for Trigger PRODUCTS_TRG
--------------------------------------------------------

  CREATE OR REPLACE NONEDITIONABLE TRIGGER "KUBITRE"."PRODUCTS_TRG" 
BEFORE INSERT ON PRODUCTS 
FOR EACH ROW 
BEGIN
  <<COLUMN_SEQUENCES>>
  BEGIN
    NULL;
  END COLUMN_SEQUENCES;
END;
/
ALTER TRIGGER "KUBITRE"."PRODUCTS_TRG" ENABLE;
--------------------------------------------------------
--  DDL for Trigger PRODUCTS_TRG1
--------------------------------------------------------

  CREATE OR REPLACE NONEDITIONABLE TRIGGER "KUBITRE"."PRODUCTS_TRG1" 
BEFORE INSERT ON PRODUCTS 
FOR EACH ROW 
BEGIN
  <<COLUMN_SEQUENCES>>
  BEGIN
    IF INSERTING AND :NEW.ID IS NULL THEN
      SELECT PRODUCTS_SEQ.NEXTVAL INTO :NEW.ID FROM SYS.DUAL;
    END IF;
  END COLUMN_SEQUENCES;
END;
/
ALTER TRIGGER "KUBITRE"."PRODUCTS_TRG1" ENABLE;
--------------------------------------------------------
--  DDL for Trigger RECIPE_TRG
--------------------------------------------------------

  CREATE OR REPLACE NONEDITIONABLE TRIGGER "KUBITRE"."RECIPE_TRG" 
BEFORE INSERT ON RECIPE 
FOR EACH ROW 
BEGIN
  <<COLUMN_SEQUENCES>>
  BEGIN
    IF INSERTING AND :NEW.ID IS NULL THEN
      SELECT RECIPE_SEQ.NEXTVAL INTO :NEW.ID FROM SYS.DUAL;
    END IF;
  END COLUMN_SEQUENCES;
END;
/
ALTER TRIGGER "KUBITRE"."RECIPE_TRG" ENABLE;
--------------------------------------------------------
--  DDL for Trigger RECIPEITEMS_TRG
--------------------------------------------------------

  CREATE OR REPLACE NONEDITIONABLE TRIGGER "KUBITRE"."RECIPEITEMS_TRG" 
BEFORE INSERT ON "RECIPEITEMS" 
FOR EACH ROW 
BEGIN
  <<COLUMN_SEQUENCES>>
  BEGIN
    NULL;
  END COLUMN_SEQUENCES;
END;
/
ALTER TRIGGER "KUBITRE"."RECIPEITEMS_TRG" ENABLE;
--------------------------------------------------------
--  DDL for Trigger RECIPEITEMS_TRG1
--------------------------------------------------------

  CREATE OR REPLACE NONEDITIONABLE TRIGGER "KUBITRE"."RECIPEITEMS_TRG1" 
BEFORE INSERT ON "RECIPEITEMS" 
FOR EACH ROW 
BEGIN
  <<COLUMN_SEQUENCES>>
  BEGIN
    NULL;
  END COLUMN_SEQUENCES;
END;
/
ALTER TRIGGER "KUBITRE"."RECIPEITEMS_TRG1" ENABLE;
--------------------------------------------------------
--  DDL for Trigger STREETS_TRG
--------------------------------------------------------

  CREATE OR REPLACE NONEDITIONABLE TRIGGER "KUBITRE"."STREETS_TRG" 
BEFORE INSERT ON STREETS 
FOR EACH ROW 
BEGIN
  <<COLUMN_SEQUENCES>>
  BEGIN
    NULL;
  END COLUMN_SEQUENCES;
END;
/
ALTER TRIGGER "KUBITRE"."STREETS_TRG" ENABLE;
--------------------------------------------------------
--  DDL for Trigger STREETS_TRG1
--------------------------------------------------------

  CREATE OR REPLACE NONEDITIONABLE TRIGGER "KUBITRE"."STREETS_TRG1" 
BEFORE INSERT ON STREETS 
FOR EACH ROW 
BEGIN
  <<COLUMN_SEQUENCES>>
  BEGIN
    IF INSERTING AND :NEW.ID IS NULL THEN
      SELECT STREETS_SEQ.NEXTVAL INTO :NEW.ID FROM SYS.DUAL;
    END IF;
  END COLUMN_SEQUENCES;
END;
/
ALTER TRIGGER "KUBITRE"."STREETS_TRG1" ENABLE;
--------------------------------------------------------
--  Constraints for Table CATEGORIES
--------------------------------------------------------

  ALTER TABLE "KUBITRE"."CATEGORIES" MODIFY ("ID" NOT NULL ENABLE);
  ALTER TABLE "KUBITRE"."CATEGORIES" MODIFY ("CATEGORYNAME" NOT NULL ENABLE);
  ALTER TABLE "KUBITRE"."CATEGORIES" ADD CONSTRAINT "CATEGORIES_PK" PRIMARY KEY ("ID")
  USING INDEX PCTFREE 10 INITRANS 2 MAXTRANS 255 COMPUTE STATISTICS 
  STORAGE(INITIAL 65536 NEXT 1048576 MINEXTENTS 1 MAXEXTENTS 2147483645
  PCTINCREASE 0 FREELISTS 1 FREELIST GROUPS 1
  BUFFER_POOL DEFAULT FLASH_CACHE DEFAULT CELL_FLASH_CACHE DEFAULT)
  TABLESPACE "USERS"  ENABLE;
--------------------------------------------------------
--  Constraints for Table COOPERATORS
--------------------------------------------------------

  ALTER TABLE "KUBITRE"."COOPERATORS" MODIFY ("ID" NOT NULL ENABLE);
  ALTER TABLE "KUBITRE"."COOPERATORS" MODIFY ("FIRSTNAME" NOT NULL ENABLE);
  ALTER TABLE "KUBITRE"."COOPERATORS" MODIFY ("SECONNAME" NOT NULL ENABLE);
  ALTER TABLE "KUBITRE"."COOPERATORS" MODIFY ("BIRTTHDAY" NOT NULL ENABLE);
  ALTER TABLE "KUBITRE"."COOPERATORS" MODIFY ("IDSTREET" NOT NULL ENABLE);
  ALTER TABLE "KUBITRE"."COOPERATORS" MODIFY ("BUILDINGNUMBER" NOT NULL ENABLE);
  ALTER TABLE "KUBITRE"."COOPERATORS" MODIFY ("SALARY" NOT NULL ENABLE);
  ALTER TABLE "KUBITRE"."COOPERATORS" MODIFY ("STATUS" NOT NULL ENABLE);
  ALTER TABLE "KUBITRE"."COOPERATORS" MODIFY ("IDPOSITION" NOT NULL ENABLE);
  ALTER TABLE "KUBITRE"."COOPERATORS" ADD CONSTRAINT "COOPERATORS_PK" PRIMARY KEY ("ID")
  USING INDEX PCTFREE 10 INITRANS 2 MAXTRANS 255 COMPUTE STATISTICS 
  STORAGE(INITIAL 65536 NEXT 1048576 MINEXTENTS 1 MAXEXTENTS 2147483645
  PCTINCREASE 0 FREELISTS 1 FREELIST GROUPS 1
  BUFFER_POOL DEFAULT FLASH_CACHE DEFAULT CELL_FLASH_CACHE DEFAULT)
  TABLESPACE "USERS"  ENABLE;
--------------------------------------------------------
--  Constraints for Table DISHES
--------------------------------------------------------

  ALTER TABLE "KUBITRE"."DISHES" MODIFY ("ID" NOT NULL ENABLE);
  ALTER TABLE "KUBITRE"."DISHES" MODIFY ("NAME" NOT NULL ENABLE);
  ALTER TABLE "KUBITRE"."DISHES" MODIFY ("IDCOOPERATOR" NOT NULL ENABLE);
  ALTER TABLE "KUBITRE"."DISHES" MODIFY ("IDRECIPE" NOT NULL ENABLE);
  ALTER TABLE "KUBITRE"."DISHES" ADD CONSTRAINT "DISHES_PK" PRIMARY KEY ("ID")
  USING INDEX PCTFREE 10 INITRANS 2 MAXTRANS 255 COMPUTE STATISTICS 
  STORAGE(INITIAL 65536 NEXT 1048576 MINEXTENTS 1 MAXEXTENTS 2147483645
  PCTINCREASE 0 FREELISTS 1 FREELIST GROUPS 1
  BUFFER_POOL DEFAULT FLASH_CACHE DEFAULT CELL_FLASH_CACHE DEFAULT)
  TABLESPACE "USERS"  ENABLE;
  ALTER TABLE "KUBITRE"."DISHES" MODIFY ("DATETIME" NOT NULL ENABLE);
--------------------------------------------------------
--  Constraints for Table MENU
--------------------------------------------------------

  ALTER TABLE "KUBITRE"."MENU" MODIFY ("ID" NOT NULL ENABLE);
  ALTER TABLE "KUBITRE"."MENU" MODIFY ("NAME" NOT NULL ENABLE);
  ALTER TABLE "KUBITRE"."MENU" MODIFY ("IDCOOPERATOR" NOT NULL ENABLE);
  ALTER TABLE "KUBITRE"."MENU" MODIFY ("TIMEDATE" NOT NULL ENABLE);
  ALTER TABLE "KUBITRE"."MENU" ADD CONSTRAINT "MENU_PK" PRIMARY KEY ("ID")
  USING INDEX PCTFREE 10 INITRANS 2 MAXTRANS 255 COMPUTE STATISTICS 
  STORAGE(INITIAL 65536 NEXT 1048576 MINEXTENTS 1 MAXEXTENTS 2147483645
  PCTINCREASE 0 FREELISTS 1 FREELIST GROUPS 1
  BUFFER_POOL DEFAULT FLASH_CACHE DEFAULT CELL_FLASH_CACHE DEFAULT)
  TABLESPACE "USERS"  ENABLE;
--------------------------------------------------------
--  Constraints for Table MENUITEMS
--------------------------------------------------------

  ALTER TABLE "KUBITRE"."MENUITEMS" MODIFY ("ID" NOT NULL ENABLE);
  ALTER TABLE "KUBITRE"."MENUITEMS" MODIFY ("IDMENU" NOT NULL ENABLE);
  ALTER TABLE "KUBITRE"."MENUITEMS" MODIFY ("IDDISH" NOT NULL ENABLE);
  ALTER TABLE "KUBITRE"."MENUITEMS" ADD CONSTRAINT "MENUITEMS_PK" PRIMARY KEY ("ID")
  USING INDEX PCTFREE 10 INITRANS 2 MAXTRANS 255 COMPUTE STATISTICS 
  STORAGE(INITIAL 65536 NEXT 1048576 MINEXTENTS 1 MAXEXTENTS 2147483645
  PCTINCREASE 0 FREELISTS 1 FREELIST GROUPS 1
  BUFFER_POOL DEFAULT FLASH_CACHE DEFAULT CELL_FLASH_CACHE DEFAULT)
  TABLESPACE "USERS"  ENABLE;
--------------------------------------------------------
--  Constraints for Table MOVINGINFORMATIONS
--------------------------------------------------------

  ALTER TABLE "KUBITRE"."MOVINGINFORMATIONS" MODIFY ("ID" NOT NULL ENABLE);
  ALTER TABLE "KUBITRE"."MOVINGINFORMATIONS" MODIFY ("IDCOOPERATOR" NOT NULL ENABLE);
  ALTER TABLE "KUBITRE"."MOVINGINFORMATIONS" MODIFY ("IDPOSITION" NOT NULL ENABLE);
  ALTER TABLE "KUBITRE"."MOVINGINFORMATIONS" MODIFY ("ORDERNUMBER" NOT NULL ENABLE);
  ALTER TABLE "KUBITRE"."MOVINGINFORMATIONS" MODIFY ("TIME" NOT NULL ENABLE);
  ALTER TABLE "KUBITRE"."MOVINGINFORMATIONS" ADD CONSTRAINT "MOVINGINFORMATIONS_PK" PRIMARY KEY ("ID")
  USING INDEX PCTFREE 10 INITRANS 2 MAXTRANS 255 COMPUTE STATISTICS 
  STORAGE(INITIAL 65536 NEXT 1048576 MINEXTENTS 1 MAXEXTENTS 2147483645
  PCTINCREASE 0 FREELISTS 1 FREELIST GROUPS 1
  BUFFER_POOL DEFAULT FLASH_CACHE DEFAULT CELL_FLASH_CACHE DEFAULT)
  TABLESPACE "USERS"  ENABLE;
--------------------------------------------------------
--  Constraints for Table ORDERITEMS
--------------------------------------------------------

  ALTER TABLE "KUBITRE"."ORDERITEMS" MODIFY ("ID" NOT NULL ENABLE);
  ALTER TABLE "KUBITRE"."ORDERITEMS" MODIFY ("IDORDER" NOT NULL ENABLE);
  ALTER TABLE "KUBITRE"."ORDERITEMS" MODIFY ("IDDISH" NOT NULL ENABLE);
  ALTER TABLE "KUBITRE"."ORDERITEMS" ADD CONSTRAINT "ORDERITEMS_PK" PRIMARY KEY ("ID")
  USING INDEX PCTFREE 10 INITRANS 2 MAXTRANS 255 COMPUTE STATISTICS 
  STORAGE(INITIAL 65536 NEXT 1048576 MINEXTENTS 1 MAXEXTENTS 2147483645
  PCTINCREASE 0 FREELISTS 1 FREELIST GROUPS 1
  BUFFER_POOL DEFAULT FLASH_CACHE DEFAULT CELL_FLASH_CACHE DEFAULT)
  TABLESPACE "USERS"  ENABLE;
--------------------------------------------------------
--  Constraints for Table ORDERS
--------------------------------------------------------

  ALTER TABLE "KUBITRE"."ORDERS" MODIFY ("ID" NOT NULL ENABLE);
  ALTER TABLE "KUBITRE"."ORDERS" MODIFY ("DATETIME" NOT NULL ENABLE);
  ALTER TABLE "KUBITRE"."ORDERS" MODIFY ("IDCOOPERATOR" NOT NULL ENABLE);
  ALTER TABLE "KUBITRE"."ORDERS" ADD CONSTRAINT "ORDERS_PK" PRIMARY KEY ("ID")
  USING INDEX PCTFREE 10 INITRANS 2 MAXTRANS 255 COMPUTE STATISTICS 
  STORAGE(INITIAL 65536 NEXT 1048576 MINEXTENTS 1 MAXEXTENTS 2147483645
  PCTINCREASE 0 FREELISTS 1 FREELIST GROUPS 1
  BUFFER_POOL DEFAULT FLASH_CACHE DEFAULT CELL_FLASH_CACHE DEFAULT)
  TABLESPACE "USERS"  ENABLE;
--------------------------------------------------------
--  Constraints for Table POSITIONS
--------------------------------------------------------

  ALTER TABLE "KUBITRE"."POSITIONS" MODIFY ("ID" NOT NULL ENABLE);
  ALTER TABLE "KUBITRE"."POSITIONS" MODIFY ("NAME" NOT NULL ENABLE);
  ALTER TABLE "KUBITRE"."POSITIONS" ADD CONSTRAINT "POSITIONS_PK" PRIMARY KEY ("ID")
  USING INDEX PCTFREE 10 INITRANS 2 MAXTRANS 255 COMPUTE STATISTICS 
  STORAGE(INITIAL 65536 NEXT 1048576 MINEXTENTS 1 MAXEXTENTS 2147483645
  PCTINCREASE 0 FREELISTS 1 FREELIST GROUPS 1
  BUFFER_POOL DEFAULT FLASH_CACHE DEFAULT CELL_FLASH_CACHE DEFAULT)
  TABLESPACE "USERS"  ENABLE;
--------------------------------------------------------
--  Constraints for Table PRODUCTS
--------------------------------------------------------

  ALTER TABLE "KUBITRE"."PRODUCTS" MODIFY ("ID" NOT NULL ENABLE);
  ALTER TABLE "KUBITRE"."PRODUCTS" MODIFY ("NAME" NOT NULL ENABLE);
  ALTER TABLE "KUBITRE"."PRODUCTS" MODIFY ("PRICE" NOT NULL ENABLE);
  ALTER TABLE "KUBITRE"."PRODUCTS" ADD CONSTRAINT "PRODUCTS_PK" PRIMARY KEY ("ID")
  USING INDEX PCTFREE 10 INITRANS 2 MAXTRANS 255 COMPUTE STATISTICS 
  STORAGE(INITIAL 65536 NEXT 1048576 MINEXTENTS 1 MAXEXTENTS 2147483645
  PCTINCREASE 0 FREELISTS 1 FREELIST GROUPS 1
  BUFFER_POOL DEFAULT FLASH_CACHE DEFAULT CELL_FLASH_CACHE DEFAULT)
  TABLESPACE "USERS"  ENABLE;
--------------------------------------------------------
--  Constraints for Table RECIPE
--------------------------------------------------------

  ALTER TABLE "KUBITRE"."RECIPE" MODIFY ("ID" NOT NULL ENABLE);
  ALTER TABLE "KUBITRE"."RECIPE" MODIFY ("NAME" NOT NULL ENABLE);
  ALTER TABLE "KUBITRE"."RECIPE" ADD CONSTRAINT "RECIPE_PK" PRIMARY KEY ("ID")
  USING INDEX PCTFREE 10 INITRANS 2 MAXTRANS 255 COMPUTE STATISTICS 
  STORAGE(INITIAL 65536 NEXT 1048576 MINEXTENTS 1 MAXEXTENTS 2147483645
  PCTINCREASE 0 FREELISTS 1 FREELIST GROUPS 1
  BUFFER_POOL DEFAULT FLASH_CACHE DEFAULT CELL_FLASH_CACHE DEFAULT)
  TABLESPACE "USERS"  ENABLE;
--------------------------------------------------------
--  Constraints for Table RECIPEITEMS
--------------------------------------------------------

  ALTER TABLE "KUBITRE"."RECIPEITEMS" MODIFY ("IDRECIPE" NOT NULL ENABLE);
  ALTER TABLE "KUBITRE"."RECIPEITEMS" MODIFY ("ID" NOT NULL ENABLE);
  ALTER TABLE "KUBITRE"."RECIPEITEMS" MODIFY ("IDPRODUCT" NOT NULL ENABLE);
  ALTER TABLE "KUBITRE"."RECIPEITEMS" MODIFY ("COUNTINDISH" NOT NULL ENABLE);
  ALTER TABLE "KUBITRE"."RECIPEITEMS" ADD CONSTRAINT "RECIPEITEMS_PK" PRIMARY KEY ("ID")
  USING INDEX PCTFREE 10 INITRANS 2 MAXTRANS 255 COMPUTE STATISTICS 
  STORAGE(INITIAL 65536 NEXT 1048576 MINEXTENTS 1 MAXEXTENTS 2147483645
  PCTINCREASE 0 FREELISTS 1 FREELIST GROUPS 1
  BUFFER_POOL DEFAULT FLASH_CACHE DEFAULT CELL_FLASH_CACHE DEFAULT)
  TABLESPACE "USERS"  ENABLE;
--------------------------------------------------------
--  Constraints for Table STREETS
--------------------------------------------------------

  ALTER TABLE "KUBITRE"."STREETS" MODIFY ("ID" NOT NULL ENABLE);
  ALTER TABLE "KUBITRE"."STREETS" MODIFY ("NAME" NOT NULL ENABLE);
  ALTER TABLE "KUBITRE"."STREETS" ADD CONSTRAINT "STREETS_PK" PRIMARY KEY ("ID")
  USING INDEX PCTFREE 10 INITRANS 2 MAXTRANS 255 COMPUTE STATISTICS 
  STORAGE(INITIAL 65536 NEXT 1048576 MINEXTENTS 1 MAXEXTENTS 2147483645
  PCTINCREASE 0 FREELISTS 1 FREELIST GROUPS 1
  BUFFER_POOL DEFAULT FLASH_CACHE DEFAULT CELL_FLASH_CACHE DEFAULT)
  TABLESPACE "USERS"  ENABLE;
